{
    "0": {
        "precision": 0.987736900780379,
        "recall": 0.9899441340782122,
        "f1-score": 0.9888392857142857,
        "support": 895.0
    },
    "1": {
        "precision": 0.912621359223301,
        "recall": 0.8952380952380953,
        "f1-score": 0.9038461538461539,
        "support": 105.0
    },
    "accuracy": 0.98,
    "macro avg": {
        "precision": 0.9501791300018401,
        "recall": 0.9425911146581538,
        "f1-score": 0.9463427197802198,
        "support": 1000.0
    },
    "weighted avg": {
        "precision": 0.9798497689168858,
        "recall": 0.98,
        "f1-score": 0.9799150068681318,
        "support": 1000.0
    }
}