{
    "0": {
        "precision": 0.9900373599003736,
        "recall": 0.888268156424581,
        "f1-score": 0.9363957597173145,
        "support": 895.0
    },
    "1": {
        "precision": 0.49238578680203043,
        "recall": 0.9238095238095239,
        "f1-score": 0.6423841059602649,
        "support": 105.0
    },
    "accuracy": 0.892,
    "macro avg": {
        "precision": 0.741211573351202,
        "recall": 0.9060388401170525,
        "f1-score": 0.7893899328387897,
        "support": 1000.0
    },
    "weighted avg": {
        "precision": 0.9377839447250474,
        "recall": 0.892,
        "f1-score": 0.9055245360728242,
        "support": 1000.0
    }
}